{"cameraMode":{"drawMode":0,"name":"Shaded","section":"Shading Mode"},"sceneLighting":true,"audioPlay":false,"sceneViewState":{"showFog":true,"showMaterialUpdate":false,"showSkybox":true,"showFlares":true,"showImageEffects":true,"showParticleSystems":true,"showVisualEffectGraphs":true,"m_FxEnabled":true},"in2DMode":false,"pivot":{"x":3.292543888092041,"y":8.527807235717774,"z":0.32280421257019045},"rotation":{"x":0.2559050917625427,"y":0.07097529619932175,"z":-0.018842972815036775,"w":0.9639102220535278},"size":7.200557231903076,"orthographic":false}